id,name,sequence,type,line_id:id,tag_ids:id
l10n_co_amm_1001_5002_M,Pago o abono en cuenta no deducible,M,sf,l10n_co_accounting_magnetic_media.l10n_co_mml_1001_5002,l10n_co_accounting_templates.l10n_co_aat_1001_5002_M
l10n_co_amm_1001_5002_N,Iva mayor valor del costo o gasto deducible,N,sf,l10n_co_accounting_magnetic_media.l10n_co_mml_1001_5002,l10n_co_accounting_templates.l10n_co_aat_1001_5002_N
l10n_co_amm_1001_5002_O,Iva mayor valor del costo o gasto deducible,O,sf,l10n_co_accounting_magnetic_media.l10n_co_mml_1001_5002,l10n_co_accounting_templates.l10n_co_aat_1001_5002_O
l10n_co_amm_1001_5002_P,Iva mayor valor del costo o gasto no deducible,P,sf,l10n_co_accounting_magnetic_media.l10n_co_mml_1001_5002,l10n_co_accounting_templates.l10n_co_aat_1001_5002_P
l10n_co_amm_1001_5002_Q,Retención en la fuente practicada en renta,Q,sf,l10n_co_accounting_magnetic_media.l10n_co_mml_1001_5002,l10n_co_accounting_templates.l10n_co_aat_1001_5002_Q
l10n_co_amm_1001_5002_R,Retención en la fuente asumida en renta,R,sf,l10n_co_accounting_magnetic_media.l10n_co_mml_1001_5002,l10n_co_accounting_templates.l10n_co_aat_1001_5002_R
l10n_co_amm_1001_5002_S,Retención en la fuente practicada IVA régimen común,S,sf,l10n_co_accounting_magnetic_media.l10n_co_mml_1001_5002,l10n_co_accounting_templates.l10n_co_aat_1001_5002_S
l10n_co_amm_1001_5002_T,Retención en la fuente practicada IVA no domiciliados,T,sf,l10n_co_accounting_magnetic_media.l10n_co_mml_1001_5002,l10n_co_accounting_templates.l10n_co_aat_1001_5002_T
l10n_co_amm_1001_5003_M,Pago o abono en cuenta no deducible,M,sf,l10n_co_accounting_magnetic_media.l10n_co_mml_1001_5003,l10n_co_accounting_templates.l10n_co_aat_1001_5003_M
l10n_co_amm_1001_5003_N,Iva mayor valor del costo o gasto deducible,N,sf,l10n_co_accounting_magnetic_media.l10n_co_mml_1001_5003,l10n_co_accounting_templates.l10n_co_aat_1001_5003_N
l10n_co_amm_1001_5003_O,Iva mayor valor del costo o gasto deducible,O,sf,l10n_co_accounting_magnetic_media.l10n_co_mml_1001_5003,l10n_co_accounting_templates.l10n_co_aat_1001_5003_O
l10n_co_amm_1001_5003_P,Iva mayor valor del costo o gasto no deducible,P,sf,l10n_co_accounting_magnetic_media.l10n_co_mml_1001_5003,l10n_co_accounting_templates.l10n_co_aat_1001_5003_P
l10n_co_amm_1001_5003_Q,Retención en la fuente practicada en renta,Q,sf,l10n_co_accounting_magnetic_media.l10n_co_mml_1001_5003,l10n_co_accounting_templates.l10n_co_aat_1001_5003_Q
l10n_co_amm_1001_5003_R,Retención en la fuente asumida en renta,R,sf,l10n_co_accounting_magnetic_media.l10n_co_mml_1001_5003,l10n_co_accounting_templates.l10n_co_aat_1001_5003_R
l10n_co_amm_1001_5003_S,Retención en la fuente practicada IVA régimen común,S,sf,l10n_co_accounting_magnetic_media.l10n_co_mml_1001_5003,l10n_co_accounting_templates.l10n_co_aat_1001_5003_S
l10n_co_amm_1001_5003_T,Retención en la fuente practicada IVA no domiciliados,T,sf,l10n_co_accounting_magnetic_media.l10n_co_mml_1001_5003,l10n_co_accounting_templates.l10n_co_aat_1001_5003_T
l10n_co_amm_1001_5004_M,Pago o abono en cuenta no deducible,M,sf,l10n_co_accounting_magnetic_media.l10n_co_mml_1001_5004,l10n_co_accounting_templates.l10n_co_aat_1001_5004_M
l10n_co_amm_1001_5004_N,Iva mayor valor del costo o gasto deducible,N,sf,l10n_co_accounting_magnetic_media.l10n_co_mml_1001_5004,l10n_co_accounting_templates.l10n_co_aat_1001_5004_N
l10n_co_amm_1001_5004_O,Iva mayor valor del costo o gasto deducible,O,sf,l10n_co_accounting_magnetic_media.l10n_co_mml_1001_5004,l10n_co_accounting_templates.l10n_co_aat_1001_5004_O
l10n_co_amm_1001_5004_P,Iva mayor valor del costo o gasto no deducible,P,sf,l10n_co_accounting_magnetic_media.l10n_co_mml_1001_5004,l10n_co_accounting_templates.l10n_co_aat_1001_5004_P
l10n_co_amm_1001_5004_Q,Retención en la fuente practicada en renta,Q,sf,l10n_co_accounting_magnetic_media.l10n_co_mml_1001_5004,l10n_co_accounting_templates.l10n_co_aat_1001_5004_Q
l10n_co_amm_1001_5004_R,Retención en la fuente asumida en renta,R,sf,l10n_co_accounting_magnetic_media.l10n_co_mml_1001_5004,l10n_co_accounting_templates.l10n_co_aat_1001_5004_R
l10n_co_amm_1001_5004_S,Retención en la fuente practicada IVA régimen común,S,sf,l10n_co_accounting_magnetic_media.l10n_co_mml_1001_5004,l10n_co_accounting_templates.l10n_co_aat_1001_5004_S
l10n_co_amm_1001_5004_T,Retención en la fuente practicada IVA no domiciliados,T,sf,l10n_co_accounting_magnetic_media.l10n_co_mml_1001_5004,l10n_co_accounting_templates.l10n_co_aat_1001_5004_T
l10n_co_amm_1001_5005_M,Pago o abono en cuenta no deducible,M,sf,l10n_co_accounting_magnetic_media.l10n_co_mml_1001_5005,l10n_co_accounting_templates.l10n_co_aat_1001_5005_M
l10n_co_amm_1001_5005_N,Iva mayor valor del costo o gasto deducible,N,sf,l10n_co_accounting_magnetic_media.l10n_co_mml_1001_5005,l10n_co_accounting_templates.l10n_co_aat_1001_5005_N
l10n_co_amm_1001_5005_O,Iva mayor valor del costo o gasto deducible,O,sf,l10n_co_accounting_magnetic_media.l10n_co_mml_1001_5005,l10n_co_accounting_templates.l10n_co_aat_1001_5005_O
l10n_co_amm_1001_5005_P,Iva mayor valor del costo o gasto no deducible,P,sf,l10n_co_accounting_magnetic_media.l10n_co_mml_1001_5005,l10n_co_accounting_templates.l10n_co_aat_1001_5005_P
l10n_co_amm_1001_5005_Q,Retención en la fuente practicada en renta,Q,sf,l10n_co_accounting_magnetic_media.l10n_co_mml_1001_5005,l10n_co_accounting_templates.l10n_co_aat_1001_5005_Q
l10n_co_amm_1001_5005_R,Retención en la fuente asumida en renta,R,sf,l10n_co_accounting_magnetic_media.l10n_co_mml_1001_5005,l10n_co_accounting_templates.l10n_co_aat_1001_5005_R
l10n_co_amm_1001_5005_S,Retención en la fuente practicada IVA régimen común,S,sf,l10n_co_accounting_magnetic_media.l10n_co_mml_1001_5005,l10n_co_accounting_templates.l10n_co_aat_1001_5005_S
l10n_co_amm_1001_5005_T,Retención en la fuente practicada IVA no domiciliados,T,sf,l10n_co_accounting_magnetic_media.l10n_co_mml_1001_5005,l10n_co_accounting_templates.l10n_co_aat_1001_5005_T
l10n_co_amm_1001_5006_M,Pago o abono en cuenta no deducible,M,sf,l10n_co_accounting_magnetic_media.l10n_co_mml_1001_5006,l10n_co_accounting_templates.l10n_co_aat_1001_5006_M
l10n_co_amm_1001_5006_N,Iva mayor valor del costo o gasto deducible,N,sf,l10n_co_accounting_magnetic_media.l10n_co_mml_1001_5006,l10n_co_accounting_templates.l10n_co_aat_1001_5006_N
l10n_co_amm_1001_5006_O,Iva mayor valor del costo o gasto deducible,O,sf,l10n_co_accounting_magnetic_media.l10n_co_mml_1001_5006,l10n_co_accounting_templates.l10n_co_aat_1001_5006_O
l10n_co_amm_1001_5006_P,Iva mayor valor del costo o gasto no deducible,P,sf,l10n_co_accounting_magnetic_media.l10n_co_mml_1001_5006,l10n_co_accounting_templates.l10n_co_aat_1001_5006_P
l10n_co_amm_1001_5006_Q,Retención en la fuente practicada en renta,Q,sf,l10n_co_accounting_magnetic_media.l10n_co_mml_1001_5006,l10n_co_accounting_templates.l10n_co_aat_1001_5006_Q
l10n_co_amm_1001_5006_R,Retención en la fuente asumida en renta,R,sf,l10n_co_accounting_magnetic_media.l10n_co_mml_1001_5006,l10n_co_accounting_templates.l10n_co_aat_1001_5006_R
l10n_co_amm_1001_5006_S,Retención en la fuente practicada IVA régimen común,S,sf,l10n_co_accounting_magnetic_media.l10n_co_mml_1001_5006,l10n_co_accounting_templates.l10n_co_aat_1001_5006_S
l10n_co_amm_1001_5006_T,Retención en la fuente practicada IVA no domiciliados,T,sf,l10n_co_accounting_magnetic_media.l10n_co_mml_1001_5006,l10n_co_accounting_templates.l10n_co_aat_1001_5006_T
l10n_co_amm_1001_5007_M,Pago o abono en cuenta no deducible,M,sf,l10n_co_accounting_magnetic_media.l10n_co_mml_1001_5007,l10n_co_accounting_templates.l10n_co_aat_1001_5007_M
l10n_co_amm_1001_5007_N,Iva mayor valor del costo o gasto deducible,N,sf,l10n_co_accounting_magnetic_media.l10n_co_mml_1001_5007,l10n_co_accounting_templates.l10n_co_aat_1001_5007_N
l10n_co_amm_1001_5007_O,Iva mayor valor del costo o gasto deducible,O,sf,l10n_co_accounting_magnetic_media.l10n_co_mml_1001_5007,l10n_co_accounting_templates.l10n_co_aat_1001_5007_O
l10n_co_amm_1001_5007_P,Iva mayor valor del costo o gasto no deducible,P,sf,l10n_co_accounting_magnetic_media.l10n_co_mml_1001_5007,l10n_co_accounting_templates.l10n_co_aat_1001_5007_P
l10n_co_amm_1001_5007_Q,Retención en la fuente practicada en renta,Q,sf,l10n_co_accounting_magnetic_media.l10n_co_mml_1001_5007,l10n_co_accounting_templates.l10n_co_aat_1001_5007_Q
l10n_co_amm_1001_5007_R,Retención en la fuente asumida en renta,R,sf,l10n_co_accounting_magnetic_media.l10n_co_mml_1001_5007,l10n_co_accounting_templates.l10n_co_aat_1001_5007_R
l10n_co_amm_1001_5007_S,Retención en la fuente practicada IVA régimen común,S,sf,l10n_co_accounting_magnetic_media.l10n_co_mml_1001_5007,l10n_co_accounting_templates.l10n_co_aat_1001_5007_S
l10n_co_amm_1001_5007_T,Retención en la fuente practicada IVA no domiciliados,T,sf,l10n_co_accounting_magnetic_media.l10n_co_mml_1001_5007,l10n_co_accounting_templates.l10n_co_aat_1001_5007_T
l10n_co_amm_1001_5008_M,Pago o abono en cuenta no deducible,M,sf,l10n_co_accounting_magnetic_media.l10n_co_mml_1001_5008,l10n_co_accounting_templates.l10n_co_aat_1001_5008_M
l10n_co_amm_1001_5008_N,Iva mayor valor del costo o gasto deducible,N,sf,l10n_co_accounting_magnetic_media.l10n_co_mml_1001_5008,l10n_co_accounting_templates.l10n_co_aat_1001_5008_N
l10n_co_amm_1001_5008_O,Iva mayor valor del costo o gasto deducible,O,sf,l10n_co_accounting_magnetic_media.l10n_co_mml_1001_5008,l10n_co_accounting_templates.l10n_co_aat_1001_5008_O
l10n_co_amm_1001_5008_P,Iva mayor valor del costo o gasto no deducible,P,sf,l10n_co_accounting_magnetic_media.l10n_co_mml_1001_5008,l10n_co_accounting_templates.l10n_co_aat_1001_5008_P
l10n_co_amm_1001_5008_Q,Retención en la fuente practicada en renta,Q,sf,l10n_co_accounting_magnetic_media.l10n_co_mml_1001_5008,l10n_co_accounting_templates.l10n_co_aat_1001_5008_Q
l10n_co_amm_1001_5008_R,Retención en la fuente asumida en renta,R,sf,l10n_co_accounting_magnetic_media.l10n_co_mml_1001_5008,l10n_co_accounting_templates.l10n_co_aat_1001_5008_R
l10n_co_amm_1001_5008_S,Retención en la fuente practicada IVA régimen común,S,sf,l10n_co_accounting_magnetic_media.l10n_co_mml_1001_5008,l10n_co_accounting_templates.l10n_co_aat_1001_5008_S
l10n_co_amm_1001_5008_T,Retención en la fuente practicada IVA no domiciliados,T,sf,l10n_co_accounting_magnetic_media.l10n_co_mml_1001_5008,l10n_co_accounting_templates.l10n_co_aat_1001_5008_T
l10n_co_amm_1001_5010_M,Pago o abono en cuenta no deducible,M,sf,l10n_co_accounting_magnetic_media.l10n_co_mml_1001_5010,l10n_co_accounting_templates.l10n_co_aat_1001_5010_M
l10n_co_amm_1001_5010_N,Iva mayor valor del costo o gasto deducible,N,sf,l10n_co_accounting_magnetic_media.l10n_co_mml_1001_5010,l10n_co_accounting_templates.l10n_co_aat_1001_5010_N
l10n_co_amm_1001_5010_O,Iva mayor valor del costo o gasto deducible,O,sf,l10n_co_accounting_magnetic_media.l10n_co_mml_1001_5010,l10n_co_accounting_templates.l10n_co_aat_1001_5010_O
l10n_co_amm_1001_5010_P,Iva mayor valor del costo o gasto no deducible,P,sf,l10n_co_accounting_magnetic_media.l10n_co_mml_1001_5010,l10n_co_accounting_templates.l10n_co_aat_1001_5010_P
l10n_co_amm_1001_5010_Q,Retención en la fuente practicada en renta,Q,sf,l10n_co_accounting_magnetic_media.l10n_co_mml_1001_5010,l10n_co_accounting_templates.l10n_co_aat_1001_5010_Q
l10n_co_amm_1001_5010_R,Retención en la fuente asumida en renta,R,sf,l10n_co_accounting_magnetic_media.l10n_co_mml_1001_5010,l10n_co_accounting_templates.l10n_co_aat_1001_5010_R
l10n_co_amm_1001_5010_S,Retención en la fuente practicada IVA régimen común,S,sf,l10n_co_accounting_magnetic_media.l10n_co_mml_1001_5010,l10n_co_accounting_templates.l10n_co_aat_1001_5010_S
l10n_co_amm_1001_5010_T,Retención en la fuente practicada IVA no domiciliados,T,sf,l10n_co_accounting_magnetic_media.l10n_co_mml_1001_5010,l10n_co_accounting_templates.l10n_co_aat_1001_5010_T
l10n_co_amm_1001_5011_M,Pago o abono en cuenta deducible,M,sf,l10n_co_accounting_magnetic_media.l10n_co_mml_1001_5011,l10n_co_accounting_templates.l10n_co_aat_1001_5011_M
l10n_co_amm_1001_5011_N,Pago o abono en cuenta no deducible,N,sf,l10n_co_accounting_magnetic_media.l10n_co_mml_1001_5011,l10n_co_accounting_templates.l10n_co_aat_1001_5011_N
l10n_co_amm_1001_5011_O,Iva mayor valor del costo o gasto deducible,O,sf,l10n_co_accounting_magnetic_media.l10n_co_mml_1001_5011,l10n_co_accounting_templates.l10n_co_aat_1001_5011_O
l10n_co_amm_1001_5011_P,Iva mayor valor del costo o gasto no deducible,P,sf,l10n_co_accounting_magnetic_media.l10n_co_mml_1001_5011,l10n_co_accounting_templates.l10n_co_aat_1001_5011_P
l10n_co_amm_1001_5011_Q,Retención en la fuente practicada en renta,Q,sf,l10n_co_accounting_magnetic_media.l10n_co_mml_1001_5011,l10n_co_accounting_templates.l10n_co_aat_1001_5011_Q
l10n_co_amm_1001_5011_R,Retención en la fuente asumida en renta,R,sf,l10n_co_accounting_magnetic_media.l10n_co_mml_1001_5011,l10n_co_accounting_templates.l10n_co_aat_1001_5011_R
l10n_co_amm_1001_5011_S,Retención en la fuente practicada IVA régimen común,S,sf,l10n_co_accounting_magnetic_media.l10n_co_mml_1001_5011,l10n_co_accounting_templates.l10n_co_aat_1001_5011_S
l10n_co_amm_1001_5011_T,Retención en la fuente practicada IVA no domiciliados,T,sf,l10n_co_accounting_magnetic_media.l10n_co_mml_1001_5011,l10n_co_accounting_templates.l10n_co_aat_1001_5011_T
l10n_co_amm_1001_5012_M,Pago o abono en cuenta deducible,M,sf,l10n_co_accounting_magnetic_media.l10n_co_mml_1001_5012,l10n_co_accounting_templates.l10n_co_aat_1001_5012_M
l10n_co_amm_1001_5012_N,Pago o abono en cuenta no deducible,N,sf,l10n_co_accounting_magnetic_media.l10n_co_mml_1001_5012,l10n_co_accounting_templates.l10n_co_aat_1001_5012_N
l10n_co_amm_1001_5012_O,Iva mayor valor del costo o gasto deducible,O,sf,l10n_co_accounting_magnetic_media.l10n_co_mml_1001_5012,l10n_co_accounting_templates.l10n_co_aat_1001_5012_O
l10n_co_amm_1001_5012_P,Iva mayor valor del costo o gasto no deducible,P,sf,l10n_co_accounting_magnetic_media.l10n_co_mml_1001_5012,l10n_co_accounting_templates.l10n_co_aat_1001_5012_P
l10n_co_amm_1001_5012_Q,Retención en la fuente practicada en renta,Q,sf,l10n_co_accounting_magnetic_media.l10n_co_mml_1001_5012,l10n_co_accounting_templates.l10n_co_aat_1001_5012_Q
l10n_co_amm_1001_5012_R,Retención en la fuente asumida en renta,R,sf,l10n_co_accounting_magnetic_media.l10n_co_mml_1001_5012,l10n_co_accounting_templates.l10n_co_aat_1001_5012_R
l10n_co_amm_1001_5012_S,Retención en la fuente practicada IVA régimen común,S,sf,l10n_co_accounting_magnetic_media.l10n_co_mml_1001_5012,l10n_co_accounting_templates.l10n_co_aat_1001_5012_S
l10n_co_amm_1001_5012_T,Retención en la fuente practicada IVA no domiciliados,T,sf,l10n_co_accounting_magnetic_media.l10n_co_mml_1001_5012,l10n_co_accounting_templates.l10n_co_aat_1001_5012_T
l10n_co_amm_1001_5013_M,Pago o abono en cuenta deducible,M,sf,l10n_co_accounting_magnetic_media.l10n_co_mml_1001_5013,l10n_co_accounting_templates.l10n_co_aat_1001_5013_M
l10n_co_amm_1001_5013_N,Pago o abono en cuenta no deducible,N,sf,l10n_co_accounting_magnetic_media.l10n_co_mml_1001_5013,l10n_co_accounting_templates.l10n_co_aat_1001_5013_N
l10n_co_amm_1001_5013_Q,Retención en la fuente practicada en renta,Q,sf,l10n_co_accounting_magnetic_media.l10n_co_mml_1001_5013,l10n_co_accounting_templates.l10n_co_aat_1001_5013_Q
l10n_co_amm_1001_5013_R,Retención en la fuente asumida en renta,R,sf,l10n_co_accounting_magnetic_media.l10n_co_mml_1001_5013,l10n_co_accounting_templates.l10n_co_aat_1001_5013_R
l10n_co_amm_1001_5014_M,Pago o abono en cuenta deducible,M,sf,l10n_co_accounting_magnetic_media.l10n_co_mml_1001_5014,l10n_co_accounting_templates.l10n_co_aat_1001_5014_M
l10n_co_amm_1001_5014_N,Pago o abono en cuenta no deducible,N,sf,l10n_co_accounting_magnetic_media.l10n_co_mml_1001_5014,l10n_co_accounting_templates.l10n_co_aat_1001_5014_N
l10n_co_amm_1001_5014_Q,Retención en la fuente practicada en renta,Q,sf,l10n_co_accounting_magnetic_media.l10n_co_mml_1001_5014,l10n_co_accounting_templates.l10n_co_aat_1001_5014_Q
l10n_co_amm_1001_5014_R,Retención en la fuente asumida en renta,R,sf,l10n_co_accounting_magnetic_media.l10n_co_mml_1001_5014,l10n_co_accounting_templates.l10n_co_aat_1001_5014_R
l10n_co_amm_1001_5015_M,Pago o abono en cuenta deducible,M,sf,l10n_co_accounting_magnetic_media.l10n_co_mml_1001_5015,l10n_co_accounting_templates.l10n_co_aat_1001_5015_M
l10n_co_amm_1001_5015_N,Pago o abono en cuenta no deducible,N,sf,l10n_co_accounting_magnetic_media.l10n_co_mml_1001_5015,l10n_co_accounting_templates.l10n_co_aat_1001_5015_N
l10n_co_amm_1001_5016_M,Pago o abono en cuenta deducible,M,sf,l10n_co_accounting_magnetic_media.l10n_co_mml_1001_5016,l10n_co_accounting_templates.l10n_co_aat_1001_5016_M
l10n_co_amm_1001_5016_N,Pago o abono en cuenta no deducible,N,sf,l10n_co_accounting_magnetic_media.l10n_co_mml_1001_5016,l10n_co_accounting_templates.l10n_co_aat_1001_5016_N
l10n_co_amm_1001_5016_O,Iva mayor valor del costo o gasto deducible,O,sf,l10n_co_accounting_magnetic_media.l10n_co_mml_1001_5016,l10n_co_accounting_templates.l10n_co_aat_1001_5016_O
l10n_co_amm_1001_5016_P,Iva mayor valor del costo o gasto no deducible,P,sf,l10n_co_accounting_magnetic_media.l10n_co_mml_1001_5016,l10n_co_accounting_templates.l10n_co_aat_1001_5016_P
l10n_co_amm_1001_5016_Q,Retención en la fuente practicada en renta,Q,sf,l10n_co_accounting_magnetic_media.l10n_co_mml_1001_5016,l10n_co_accounting_templates.l10n_co_aat_1001_5016_Q
l10n_co_amm_1001_5016_R,Retención en la fuente asumida en renta,R,sf,l10n_co_accounting_magnetic_media.l10n_co_mml_1001_5016,l10n_co_accounting_templates.l10n_co_aat_1001_5016_R
l10n_co_amm_1001_5016_S,Retención en la fuente practicada IVA régimen común,S,sf,l10n_co_accounting_magnetic_media.l10n_co_mml_1001_5016,l10n_co_accounting_templates.l10n_co_aat_1001_5016_S
l10n_co_amm_1001_5016_T,Retención en la fuente practicada IVA no domiciliados,T,sf,l10n_co_accounting_magnetic_media.l10n_co_mml_1001_5016,l10n_co_accounting_templates.l10n_co_aat_1001_5016_T
l10n_co_amm_1001_5018_M,Pago o abono en cuenta deducible,M,sf,l10n_co_accounting_magnetic_media.l10n_co_mml_1001_5018,l10n_co_accounting_templates.l10n_co_aat_1001_5018_M
l10n_co_amm_1001_5018_N,Pago o abono en cuenta no deducible,N,sf,l10n_co_accounting_magnetic_media.l10n_co_mml_1001_5018,l10n_co_accounting_templates.l10n_co_aat_1001_5018_N
l10n_co_amm_1001_5018_O,Iva mayor valor del costo o gasto deducible,O,sf,l10n_co_accounting_magnetic_media.l10n_co_mml_1001_5018,l10n_co_accounting_templates.l10n_co_aat_1001_5018_O
l10n_co_amm_1001_5018_P,Iva mayor valor del costo o gasto no deducible,P,sf,l10n_co_accounting_magnetic_media.l10n_co_mml_1001_5018,l10n_co_accounting_templates.l10n_co_aat_1001_5018_P
l10n_co_amm_1001_5018_Q,Retención en la fuente practicada en renta,Q,sf,l10n_co_accounting_magnetic_media.l10n_co_mml_1001_5018,l10n_co_accounting_templates.l10n_co_aat_1001_5018_Q
l10n_co_amm_1001_5018_R,Retención en la fuente asumida en renta,R,sf,l10n_co_accounting_magnetic_media.l10n_co_mml_1001_5018,l10n_co_accounting_templates.l10n_co_aat_1001_5018_R
l10n_co_amm_1001_5019_M,Pago o abono en cuenta deducible,M,sf,l10n_co_accounting_magnetic_media.l10n_co_mml_1001_5019,l10n_co_accounting_templates.l10n_co_aat_1001_5019_M
l10n_co_amm_1001_5019_N,Pago o abono en cuenta no deducible,N,sf,l10n_co_accounting_magnetic_media.l10n_co_mml_1001_5019,l10n_co_accounting_templates.l10n_co_aat_1001_5019_N
l10n_co_amm_1001_5023_M,Pago o abono en cuenta deducible,M,sf,l10n_co_accounting_magnetic_media.l10n_co_mml_1001_5023,l10n_co_accounting_templates.l10n_co_aat_1001_5023_M
l10n_co_amm_1001_5023_N,Pago o abono en cuenta no deducible,N,sf,l10n_co_accounting_magnetic_media.l10n_co_mml_1001_5023,l10n_co_accounting_templates.l10n_co_aat_1001_5023_N
l10n_co_amm_1001_5023_O,Pago o abono en cuenta no deducible,O,sf,l10n_co_accounting_magnetic_media.l10n_co_mml_1001_5023,l10n_co_accounting_templates.l10n_co_aat_1001_5023_O
l10n_co_amm_1001_5023_P,Iva mayor valor del costo o gasto no deducible,P,sf,l10n_co_accounting_magnetic_media.l10n_co_mml_1001_5023,l10n_co_accounting_templates.l10n_co_aat_1001_5023_P
l10n_co_amm_1001_5023_Q,Retención en la fuente practicada en renta,Q,sf,l10n_co_accounting_magnetic_media.l10n_co_mml_1001_5023,l10n_co_accounting_templates.l10n_co_aat_1001_5023_Q
l10n_co_amm_1001_5023_R,Retención en la fuente asumida en renta,R,sf,l10n_co_accounting_magnetic_media.l10n_co_mml_1001_5023,l10n_co_accounting_templates.l10n_co_aat_1001_5023_R
l10n_co_amm_1001_5024_M,Pago o abono en cuenta deducible,M,sf,l10n_co_accounting_magnetic_media.l10n_co_mml_1001_5024,l10n_co_accounting_templates.l10n_co_aat_1001_5024_M
l10n_co_amm_1001_5024_N,Pago o abono en cuenta no deducible,N,sf,l10n_co_accounting_magnetic_media.l10n_co_mml_1001_5024,l10n_co_accounting_templates.l10n_co_aat_1001_5024_N
l10n_co_amm_1001_5024_O,Iva mayor valor del costo o gasto deducible,O,sf,l10n_co_accounting_magnetic_media.l10n_co_mml_1001_5024,l10n_co_accounting_templates.l10n_co_aat_1001_5024_O
l10n_co_amm_1001_5024_P,Iva mayor valor del costo o gasto no deducible,P,sf,l10n_co_accounting_magnetic_media.l10n_co_mml_1001_5024,l10n_co_accounting_templates.l10n_co_aat_1001_5024_P
l10n_co_amm_1001_5024_Q,Retención en la fuente practicada en renta,Q,sf,l10n_co_accounting_magnetic_media.l10n_co_mml_1001_5024,l10n_co_accounting_templates.l10n_co_aat_1001_5024_Q
l10n_co_amm_1001_5024_R,Retención en la fuente asumida en renta,R,sf,l10n_co_accounting_magnetic_media.l10n_co_mml_1001_5024,l10n_co_accounting_templates.l10n_co_aat_1001_5024_R
l10n_co_amm_1001_5025_M,Pago o abono en cuenta deducible,M,sf,l10n_co_accounting_magnetic_media.l10n_co_mml_1001_5025,l10n_co_accounting_templates.l10n_co_aat_1001_5025_M
l10n_co_amm_1001_5025_N,Pago o abono en cuenta no deducible,N,sf,l10n_co_accounting_magnetic_media.l10n_co_mml_1001_5025,l10n_co_accounting_templates.l10n_co_aat_1001_5025_N
l10n_co_amm_1001_5025_Q,Retención en la fuente practicada en renta,Q,sf,l10n_co_accounting_magnetic_media.l10n_co_mml_1001_5025,l10n_co_accounting_templates.l10n_co_aat_1001_5025_Q
l10n_co_amm_1001_5026_M,Pago o abono en cuenta deducible,M,sf,l10n_co_accounting_magnetic_media.l10n_co_mml_1001_5026,l10n_co_accounting_templates.l10n_co_aat_1001_5026_M
l10n_co_amm_1001_5026_N,Pago o abono en cuenta no deducible,N,sf,l10n_co_accounting_magnetic_media.l10n_co_mml_1001_5026,l10n_co_accounting_templates.l10n_co_aat_1001_5026_N
l10n_co_amm_1001_5027_M,Pago o abono en cuenta deducible,M,sf,l10n_co_accounting_magnetic_media.l10n_co_mml_1001_5027,l10n_co_accounting_templates.l10n_co_aat_1001_5027_M
l10n_co_amm_1001_5027_N,Pago o abono en cuenta no deducible,N,sf,l10n_co_accounting_magnetic_media.l10n_co_mml_1001_5027,l10n_co_accounting_templates.l10n_co_aat_1001_5027_N
l10n_co_amm_1001_5027_O,Iva mayor valor del costo o gasto deducible,O,sf,l10n_co_accounting_magnetic_media.l10n_co_mml_1001_5027,l10n_co_accounting_templates.l10n_co_aat_1001_5027_O
l10n_co_amm_1001_5027_P,Iva mayor valor del costo o gasto no deducible,P,sf,l10n_co_accounting_magnetic_media.l10n_co_mml_1001_5027,l10n_co_accounting_templates.l10n_co_aat_1001_5027_P
l10n_co_amm_1001_5027_Q,Retención en la fuente practicada en renta,Q,sf,l10n_co_accounting_magnetic_media.l10n_co_mml_1001_5027,l10n_co_accounting_templates.l10n_co_aat_1001_5027_Q
l10n_co_amm_1001_5028_M,Pago o abono en cuenta deducible,M,sf,l10n_co_accounting_magnetic_media.l10n_co_mml_1001_5028,l10n_co_accounting_templates.l10n_co_aat_1001_5028_M
l10n_co_amm_1001_5028_N,Pago o abono en cuenta no deducible,N,sf,l10n_co_accounting_magnetic_media.l10n_co_mml_1001_5028,l10n_co_accounting_templates.l10n_co_aat_1001_5028_N
l10n_co_amm_1001_5028_O,Iva mayor valor del costo o gasto deducible,O,sf,l10n_co_accounting_magnetic_media.l10n_co_mml_1001_5028,l10n_co_accounting_templates.l10n_co_aat_1001_5028_O
l10n_co_amm_1001_5028_P,Iva mayor valor del costo o gasto no deducible,P,sf,l10n_co_accounting_magnetic_media.l10n_co_mml_1001_5028,l10n_co_accounting_templates.l10n_co_aat_1001_5028_P
l10n_co_amm_1001_5028_Q,Retención en la fuente practicada en renta,Q,sf,l10n_co_accounting_magnetic_media.l10n_co_mml_1001_5028,l10n_co_accounting_templates.l10n_co_aat_1001_5028_Q
l10n_co_amm_1001_5028_R,Retención en la fuente asumida en renta,R,sf,l10n_co_accounting_magnetic_media.l10n_co_mml_1001_5028,l10n_co_accounting_templates.l10n_co_aat_1001_5028_R
l10n_co_amm_1001_5029_M,Pago o abono en cuenta deducible,M,sf,l10n_co_accounting_magnetic_media.l10n_co_mml_1001_5029,l10n_co_accounting_templates.l10n_co_aat_1001_5029_M
l10n_co_amm_1001_5029_N,Pago o abono en cuenta no deducible,N,sf,l10n_co_accounting_magnetic_media.l10n_co_mml_1001_5029,l10n_co_accounting_templates.l10n_co_aat_1001_5029_N
l10n_co_amm_1001_5029_O,Iva mayor valor del costo o gasto deducible,O,sf,l10n_co_accounting_magnetic_media.l10n_co_mml_1001_5029,l10n_co_accounting_templates.l10n_co_aat_1001_5029_O
l10n_co_amm_1001_5029_O,Iva mayor valor del costo o gasto no deducible,O,sf,l10n_co_accounting_magnetic_media.l10n_co_mml_1001_5029,l10n_co_accounting_templates.l10n_co_aat_1001_5029_O
l10n_co_amm_1001_5029_Q,Retención en la fuente practicada en renta,Q,sf,l10n_co_accounting_magnetic_media.l10n_co_mml_1001_5029,l10n_co_accounting_templates.l10n_co_aat_1001_5029_Q
l10n_co_amm_1001_5029_R,Retención en la fuente asumida en renta,R,sf,l10n_co_accounting_magnetic_media.l10n_co_mml_1001_5029,l10n_co_accounting_templates.l10n_co_aat_1001_5029_R
l10n_co_amm_1001_5030_M,Pago o abono en cuenta deducible,M,sf,l10n_co_accounting_magnetic_media.l10n_co_mml_1001_5030,l10n_co_accounting_templates.l10n_co_aat_1001_5030_M
l10n_co_amm_1001_5030_N,Pago o abono en cuenta no deducible,N,sf,l10n_co_accounting_magnetic_media.l10n_co_mml_1001_5030,l10n_co_accounting_templates.l10n_co_aat_1001_5030_N
l10n_co_amm_1001_5030_O,Iva mayor valor del costo o gasto deducible,O,sf,l10n_co_accounting_magnetic_media.l10n_co_mml_1001_5030,l10n_co_accounting_templates.l10n_co_aat_1001_5030_O
l10n_co_amm_1001_5030_P,Iva mayor valor del costo o gasto no deducible,P,sf,l10n_co_accounting_magnetic_media.l10n_co_mml_1001_5030,l10n_co_accounting_templates.l10n_co_aat_1001_5030_P
l10n_co_amm_1001_5030_Q,Retención en la fuente practicada en renta,Q,sf,l10n_co_accounting_magnetic_media.l10n_co_mml_1001_5030,l10n_co_accounting_templates.l10n_co_aat_1001_5030_Q
l10n_co_amm_1001_5030_R,Retención en la fuente asumida en renta,R,sf,l10n_co_accounting_magnetic_media.l10n_co_mml_1001_5030,l10n_co_accounting_templates.l10n_co_aat_1001_5030_R
l10n_co_amm_1001_5031_M,Pago o abono en cuenta deducible,M,sf,l10n_co_accounting_magnetic_media.l10n_co_mml_1001_5031,l10n_co_accounting_templates.l10n_co_aat_1001_5031_M
l10n_co_amm_1001_5031_N,Pago o abono en cuenta no deducible,N,sf,l10n_co_accounting_magnetic_media.l10n_co_mml_1001_5031,l10n_co_accounting_templates.l10n_co_aat_1001_5031_N
l10n_co_amm_1001_5031_O,Iva mayor valor del costo o gasto deducible,O,sf,l10n_co_accounting_magnetic_media.l10n_co_mml_1001_5031,l10n_co_accounting_templates.l10n_co_aat_1001_5031_O
l10n_co_amm_1001_5031_P,Iva mayor valor del costo o gasto no deducible,P,sf,l10n_co_accounting_magnetic_media.l10n_co_mml_1001_5031,l10n_co_accounting_templates.l10n_co_aat_1001_5031_P
l10n_co_amm_1001_5031_Q,Retención en la fuente practicada en renta,Q,sf,l10n_co_accounting_magnetic_media.l10n_co_mml_1001_5031,l10n_co_accounting_templates.l10n_co_aat_1001_5031_Q
l10n_co_amm_1001_5031_R,Retención en la fuente asumida en renta,R,sf,l10n_co_accounting_magnetic_media.l10n_co_mml_1001_5031,l10n_co_accounting_templates.l10n_co_aat_1001_5031_R
l10n_co_amm_1001_5032_M,Pago o abono en cuenta deducible,M,sf,l10n_co_accounting_magnetic_media.l10n_co_mml_1001_5032,l10n_co_accounting_templates.l10n_co_aat_1001_5032_M
l10n_co_amm_1001_5032_N,Pago o abono en cuenta no deducible,N,sf,l10n_co_accounting_magnetic_media.l10n_co_mml_1001_5032,l10n_co_accounting_templates.l10n_co_aat_1001_5032_N
l10n_co_amm_1001_5032_O,Iva mayor valor del costo o gasto deducible,O,sf,l10n_co_accounting_magnetic_media.l10n_co_mml_1001_5032,l10n_co_accounting_templates.l10n_co_aat_1001_5032_O
l10n_co_amm_1001_5032_P,Iva mayor valor del costo o gasto no deducible,P,sf,l10n_co_accounting_magnetic_media.l10n_co_mml_1001_5032,l10n_co_accounting_templates.l10n_co_aat_1001_5032_P
l10n_co_amm_1001_5032_Q,Retención en la fuente practicada en renta,Q,sf,l10n_co_accounting_magnetic_media.l10n_co_mml_1001_5032,l10n_co_accounting_templates.l10n_co_aat_1001_5032_Q
l10n_co_amm_1001_5032_R,Retención en la fuente asumida en renta,R,sf,l10n_co_accounting_magnetic_media.l10n_co_mml_1001_5032,l10n_co_accounting_templates.l10n_co_aat_1001_5032_R
l10n_co_amm_1001_5033_M,Pago o abono en cuenta deducible,M,sf,l10n_co_accounting_magnetic_media.l10n_co_mml_1001_5033,l10n_co_accounting_templates.l10n_co_aat_1001_5033_M
l10n_co_amm_1001_5033_N,Pago o abono en cuenta no deducible,N,sf,l10n_co_accounting_magnetic_media.l10n_co_mml_1001_5033,l10n_co_accounting_templates.l10n_co_aat_1001_5033_N
l10n_co_amm_1001_5033_O,Iva mayor valor del costo o gasto deducible,O,sf,l10n_co_accounting_magnetic_media.l10n_co_mml_1001_5033,l10n_co_accounting_templates.l10n_co_aat_1001_5033_O
l10n_co_amm_1001_5033_P,Iva mayor valor del costo o gasto no deducible,P,sf,l10n_co_accounting_magnetic_media.l10n_co_mml_1001_5033,l10n_co_accounting_templates.l10n_co_aat_1001_5033_P
l10n_co_amm_1001_5033_Q,Retención en la fuente practicada en renta,Q,sf,l10n_co_accounting_magnetic_media.l10n_co_mml_1001_5033,l10n_co_accounting_templates.l10n_co_aat_1001_5033_Q
l10n_co_amm_1001_5033_R,Retención en la fuente asumida en renta,R,sf,l10n_co_accounting_magnetic_media.l10n_co_mml_1001_5033,l10n_co_accounting_templates.l10n_co_aat_1001_5033_R
l10n_co_amm_1001_5034_M,Pago o abono en cuenta deducible,M,sf,l10n_co_accounting_magnetic_media.l10n_co_mml_1001_5034,l10n_co_accounting_templates.l10n_co_aat_1001_5034_M
l10n_co_amm_1001_5034_N,Pago o abono en cuenta no deducible,N,sf,l10n_co_accounting_magnetic_media.l10n_co_mml_1001_5034,l10n_co_accounting_templates.l10n_co_aat_1001_5034_N
l10n_co_amm_1001_5034_Q,Retención en la fuente practicada en renta,Q,sf,l10n_co_accounting_magnetic_media.l10n_co_mml_1001_5034,l10n_co_accounting_templates.l10n_co_aat_1001_5034_Q
l10n_co_amm_1001_5034_R,Retención en la fuente asumida en renta,R,sf,l10n_co_accounting_magnetic_media.l10n_co_mml_1001_5034,l10n_co_accounting_templates.l10n_co_aat_1001_5034_R
l10n_co_amm_1001_5035_M,Pago o abono en cuenta deducible,M,sf,l10n_co_accounting_magnetic_media.l10n_co_mml_1001_5035,l10n_co_accounting_templates.l10n_co_aat_1001_5035_M
l10n_co_amm_1001_5035_N,Pago o abono en cuenta no deducible,N,sf,l10n_co_accounting_magnetic_media.l10n_co_mml_1001_5035,l10n_co_accounting_templates.l10n_co_aat_1001_5035_N
l10n_co_amm_1001_5035_Q,Retención en la fuente practicada en renta,Q,sf,l10n_co_accounting_magnetic_media.l10n_co_mml_1001_5035,l10n_co_accounting_templates.l10n_co_aat_1001_5035_Q
l10n_co_amm_1001_5035_R,Retención en la fuente asumida en renta,R,sf,l10n_co_accounting_magnetic_media.l10n_co_mml_1001_5035,l10n_co_accounting_templates.l10n_co_aat_1001_5035_R
l10n_co_amm_1001_5043_M,Pago o abono en cuenta deducible,M,sf,l10n_co_accounting_magnetic_media.l10n_co_mml_1001_5043,l10n_co_accounting_templates.l10n_co_aat_1001_5043_M
l10n_co_amm_1001_5043_N,Pago o abono en cuenta no deducible,N,sf,l10n_co_accounting_magnetic_media.l10n_co_mml_1001_5043,l10n_co_accounting_templates.l10n_co_aat_1001_5043_N
l10n_co_amm_1001_5043_O,Retención en la fuente practicada en renta,O,sf,l10n_co_accounting_magnetic_media.l10n_co_mml_1001_5043,l10n_co_accounting_templates.l10n_co_aat_1001_5043_O
l10n_co_amm_1001_5043_R,Retención en la fuente asumida en renta,R,sf,l10n_co_accounting_magnetic_media.l10n_co_mml_1001_5043,l10n_co_accounting_templates.l10n_co_aat_1001_5043_R
l10n_co_amm_1001_5044_M,Pago o abono en cuenta deducible,M,sf,l10n_co_accounting_magnetic_media.l10n_co_mml_1001_5044,l10n_co_accounting_templates.l10n_co_aat_1001_5044_M
l10n_co_amm_1001_5044_N,Pago o abono en cuenta no deducible,N,sf,l10n_co_accounting_magnetic_media.l10n_co_mml_1001_5044,l10n_co_accounting_templates.l10n_co_aat_1001_5044_N
l10n_co_amm_1001_5044_Q,Retención en la fuente practicada en renta,Q,sf,l10n_co_accounting_magnetic_media.l10n_co_mml_1001_5044,l10n_co_accounting_templates.l10n_co_aat_1001_5044_Q
l10n_co_amm_1001_5044_R,Retención en la fuente asumida en renta,R,sf,l10n_co_accounting_magnetic_media.l10n_co_mml_1001_5044,l10n_co_accounting_templates.l10n_co_aat_1001_5044_R
l10n_co_amm_1001_5045_M,Pago o abono en cuenta deducible,M,sf,l10n_co_accounting_magnetic_media.l10n_co_mml_1001_5045,l10n_co_accounting_templates.l10n_co_aat_1001_5045_M
l10n_co_amm_1001_5045_N,Pago o abono en cuenta no deducible,N,sf,l10n_co_accounting_magnetic_media.l10n_co_mml_1001_5045,l10n_co_accounting_templates.l10n_co_aat_1001_5045_N
l10n_co_amm_1001_5045_Q,Retención en la fuente practicada en renta,Q,sf,l10n_co_accounting_magnetic_media.l10n_co_mml_1001_5045,l10n_co_accounting_templates.l10n_co_aat_1001_5045_Q
l10n_co_amm_1001_5045_R,Retención en la fuente asumida en renta,R,sf,l10n_co_accounting_magnetic_media.l10n_co_mml_1001_5045,l10n_co_accounting_templates.l10n_co_aat_1001_5045_R
l10n_co_amm_1001_5046_M,Pago o abono en cuenta deducible,M,sf,l10n_co_accounting_magnetic_media.l10n_co_mml_1001_5046,l10n_co_accounting_templates.l10n_co_aat_1001_5046_M
l10n_co_amm_1001_5046_N,Pago o abono en cuenta no deducible,N,sf,l10n_co_accounting_magnetic_media.l10n_co_mml_1001_5046,l10n_co_accounting_templates.l10n_co_aat_1001_5046_N
l10n_co_amm_1001_5046_Q,Retención en la fuente practicada en renta,Q,sf,l10n_co_accounting_magnetic_media.l10n_co_mml_1001_5046,l10n_co_accounting_templates.l10n_co_aat_1001_5046_Q
l10n_co_amm_1001_5046_R,Retención en la fuente asumida en renta,R,sf,l10n_co_accounting_magnetic_media.l10n_co_mml_1001_5046,l10n_co_accounting_templates.l10n_co_aat_1001_5046_R
l10n_co_amm_1001_5047_M,Pago o abono en cuenta deducible,M,sf,l10n_co_accounting_magnetic_media.l10n_co_mml_1001_5047,l10n_co_accounting_templates.l10n_co_aat_1001_5047_M
l10n_co_amm_1001_5047_N,Pago o abono en cuenta no deducible,N,sf,l10n_co_accounting_magnetic_media.l10n_co_mml_1001_5047,l10n_co_accounting_templates.l10n_co_aat_1001_5047_N
l10n_co_amm_1001_5047_Q,Retención en la fuente practicada en renta,Q,sf,l10n_co_accounting_magnetic_media.l10n_co_mml_1001_5047,l10n_co_accounting_templates.l10n_co_aat_1001_5047_Q
l10n_co_amm_1001_5047_R,Retención en la fuente asumida en renta,R,sf,l10n_co_accounting_magnetic_media.l10n_co_mml_1001_5047,l10n_co_accounting_templates.l10n_co_aat_1001_5047_R
l10n_co_amm_1001_5048_M,Pago o abono en cuenta deducible,M,sf,l10n_co_accounting_magnetic_media.l10n_co_mml_1001_5048,l10n_co_accounting_templates.l10n_co_aat_1001_5048_M
l10n_co_amm_1001_5048_N,Pago o abono en cuenta no deducible,N,sf,l10n_co_accounting_magnetic_media.l10n_co_mml_1001_5048,l10n_co_accounting_templates.l10n_co_aat_1001_5048_N
l10n_co_amm_1001_5048_Q,Retención en la fuente practicada en renta,Q,sf,l10n_co_accounting_magnetic_media.l10n_co_mml_1001_5048,l10n_co_accounting_templates.l10n_co_aat_1001_5048_Q
l10n_co_amm_1001_5048_R,Retención en la fuente asumida en renta,R,sf,l10n_co_accounting_magnetic_media.l10n_co_mml_1001_5048,l10n_co_accounting_templates.l10n_co_aat_1001_5048_R
l10n_co_amm_1001_5059_M,Pago o abono en cuenta deducible,M,sf,l10n_co_accounting_magnetic_media.l10n_co_mml_1001_5059,l10n_co_accounting_templates.l10n_co_aat_1001_5059_M
l10n_co_amm_1001_5059_N,Pago o abono en cuenta no deducible,N,sf,l10n_co_accounting_magnetic_media.l10n_co_mml_1001_5059,l10n_co_accounting_templates.l10n_co_aat_1001_5059_N
l10n_co_amm_1001_5059_Q,Retención en la fuente practicada en renta,Q,sf,l10n_co_accounting_magnetic_media.l10n_co_mml_1001_5059,l10n_co_accounting_templates.l10n_co_aat_1001_5059_Q
l10n_co_amm_1001_5059_R,Retención en la fuente asumida en renta,R,sf,l10n_co_accounting_magnetic_media.l10n_co_mml_1001_5059,l10n_co_accounting_templates.l10n_co_aat_1001_5059_R
l10n_co_amm_1001_5053_M,Pago o abono en cuenta deducible,M,sf,l10n_co_accounting_magnetic_media.l10n_co_mml_1001_5053,l10n_co_accounting_templates.l10n_co_aat_1001_5053_M
l10n_co_amm_1001_5053_N,Pago o abono en cuenta no deducible,N,sf,l10n_co_accounting_magnetic_media.l10n_co_mml_1001_5053,l10n_co_accounting_templates.l10n_co_aat_1001_5053_N
l10n_co_amm_1001_5053_Q,Retención en la fuente practicada en renta,Q,sf,l10n_co_accounting_magnetic_media.l10n_co_mml_1001_5053,l10n_co_accounting_templates.l10n_co_aat_1001_5053_Q
l10n_co_amm_1001_5053_R,Retención en la fuente asumida en renta,R,sf,l10n_co_accounting_magnetic_media.l10n_co_mml_1001_5053,l10n_co_accounting_templates.l10n_co_aat_1001_5053_R
l10n_co_amm_1001_5054_M,Pago o abono en cuenta deducible,M,sf,l10n_co_accounting_magnetic_media.l10n_co_mml_1001_5054,l10n_co_accounting_templates.l10n_co_aat_1001_5054_M
l10n_co_amm_1001_5054_N,Pago o abono en cuenta no deducible,N,sf,l10n_co_accounting_magnetic_media.l10n_co_mml_1001_5054,l10n_co_accounting_templates.l10n_co_aat_1001_5054_N
l10n_co_amm_1001_5054_Q,Retención en la fuente practicada en renta,Q,sf,l10n_co_accounting_magnetic_media.l10n_co_mml_1001_5054,l10n_co_accounting_templates.l10n_co_aat_1001_5054_Q
l10n_co_amm_1001_5054_R,Retención en la fuente asumida en renta,R,sf,l10n_co_accounting_magnetic_media.l10n_co_mml_1001_5054,l10n_co_accounting_templates.l10n_co_aat_1001_5054_R
l10n_co_amm_1001_5055_M,Pago o abono en cuenta deducible,M,sf,l10n_co_accounting_magnetic_media.l10n_co_mml_1001_5055,l10n_co_accounting_templates.l10n_co_aat_1001_5055_M
l10n_co_amm_1001_5055_N,Pago o abono en cuenta no deducible,N,sf,l10n_co_accounting_magnetic_media.l10n_co_mml_1001_5055,l10n_co_accounting_templates.l10n_co_aat_1001_5055_N
l10n_co_amm_1001_5055_O,Iva mayor valor del costo o gasto deducible,O,sf,l10n_co_accounting_magnetic_media.l10n_co_mml_1001_5055,l10n_co_accounting_templates.l10n_co_aat_1001_5055_O
l10n_co_amm_1001_5055_P,Iva mayor valor del costo o gasto no deducible,P,sf,l10n_co_accounting_magnetic_media.l10n_co_mml_1001_5055,l10n_co_accounting_templates.l10n_co_aat_1001_5055_P
l10n_co_amm_1001_5055_Q,Retención en la fuente practicada en renta,Q,sf,l10n_co_accounting_magnetic_media.l10n_co_mml_1001_5055,l10n_co_accounting_templates.l10n_co_aat_1001_5055_Q
l10n_co_amm_1001_5055_R,Retención en la fuente asumida en renta,R,sf,l10n_co_accounting_magnetic_media.l10n_co_mml_1001_5055,l10n_co_accounting_templates.l10n_co_aat_1001_5055_R
l10n_co_amm_1001_5056_M,Pago o abono en cuenta deducible,M,sf,l10n_co_accounting_magnetic_media.l10n_co_mml_1001_5056,l10n_co_accounting_templates.l10n_co_aat_1001_5056_M
l10n_co_amm_1001_5056_N,Pago o abono en cuenta no deducible,N,sf,l10n_co_accounting_magnetic_media.l10n_co_mml_1001_5056,l10n_co_accounting_templates.l10n_co_aat_1001_5056_N
l10n_co_amm_1001_5056_O,Iva mayor valor del costo o gasto deducible,O,sf,l10n_co_accounting_magnetic_media.l10n_co_mml_1001_5056,l10n_co_accounting_templates.l10n_co_aat_1001_5056_O
l10n_co_amm_1001_5056_P,Iva mayor valor del costo o gasto no deducible,P,sf,l10n_co_accounting_magnetic_media.l10n_co_mml_1001_5056,l10n_co_accounting_templates.l10n_co_aat_1001_5056_P
l10n_co_amm_1001_5056_Q,Retención en la fuente practicada en renta,Q,sf,l10n_co_accounting_magnetic_media.l10n_co_mml_1001_5056,l10n_co_accounting_templates.l10n_co_aat_1001_5056_Q
l10n_co_amm_1001_5056_R,Retención en la fuente asumida en renta,R,sf,l10n_co_accounting_magnetic_media.l10n_co_mml_1001_5056,l10n_co_accounting_templates.l10n_co_aat_1001_5056_R
l10n_co_amm_1003_1301_M,Valor acumulado del pago o abono sujeto a retención en la fuente,M,sf,l10n_co_accounting_magnetic_media.l10n_co_mml_1003_1301,l10n_co_accounting_templates.l10n_co_aat_1003_1301_M
l10n_co_amm_1003_1301_N,Retención que le practicaron,N,sf,l10n_co_accounting_magnetic_media.l10n_co_mml_1003_1301,l10n_co_accounting_templates.l10n_co_aat_1003_1301_N
l10n_co_amm_1003_1302_M,Valor acumulado del pago o abono sujeto a retención en la fuente,M,sf,l10n_co_accounting_magnetic_media.l10n_co_mml_1003_1302,l10n_co_accounting_templates.l10n_co_aat_1003_1302_M
l10n_co_amm_1003_1302_N,Retención que le practicaron,N,sf,l10n_co_accounting_magnetic_media.l10n_co_mml_1003_1302,l10n_co_accounting_templates.l10n_co_aat_1003_1302_N
l10n_co_amm_1003_1303_M,Valor acumulado del pago o abono sujeto a retención en la fuente,M,sf,l10n_co_accounting_magnetic_media.l10n_co_mml_1003_1303,l10n_co_accounting_templates.l10n_co_aat_1003_1303_M
l10n_co_amm_1003_1303_N,Retención que le practicaron,N,sf,l10n_co_accounting_magnetic_media.l10n_co_mml_1003_1303,l10n_co_accounting_templates.l10n_co_aat_1003_1303_N
l10n_co_amm_1003_1302_M,Valor acumulado del pago o abono sujeto a retención en la fuente,M,sf,l10n_co_accounting_magnetic_media.l10n_co_mml_1003_1302,l10n_co_accounting_templates.l10n_co_aat_1003_1302_M
l10n_co_amm_1003_1302_N,Retención que le practicaron,N,sf,l10n_co_accounting_magnetic_media.l10n_co_mml_1003_1302,l10n_co_accounting_templates.l10n_co_aat_1003_1302_N
l10n_co_amm_1003_1303_M,Valor acumulado del pago o abono sujeto a retención en la fuente,M,sf,l10n_co_accounting_magnetic_media.l10n_co_mml_1003_1303,l10n_co_accounting_templates.l10n_co_aat_1003_1303_M
l10n_co_amm_1003_1303_N,Retención que le practicaron,N,sf,l10n_co_accounting_magnetic_media.l10n_co_mml_1003_1303,l10n_co_accounting_templates.l10n_co_aat_1003_1303_N
l10n_co_amm_1003_1304_M,Valor acumulado del pago o abono sujeto a retención en la fuente,M,sf,l10n_co_accounting_magnetic_media.l10n_co_mml_1003_1304,l10n_co_accounting_templates.l10n_co_aat_1003_1304_M
l10n_co_amm_1003_1304_N,Retención que le practicaron,N,sf,l10n_co_accounting_magnetic_media.l10n_co_mml_1003_1304,l10n_co_accounting_templates.l10n_co_aat_1003_1304_N
l10n_co_amm_1003_1305_M,Valor acumulado del pago o abono sujeto a retención en la fuente,M,sf,l10n_co_accounting_magnetic_media.l10n_co_mml_1003_1305,l10n_co_accounting_templates.l10n_co_aat_1003_1305_M
l10n_co_amm_1003_1305_N,Retención que le practicaron,N,sf,l10n_co_accounting_magnetic_media.l10n_co_mml_1003_1305,l10n_co_accounting_templates.l10n_co_aat_1003_1305_N
l10n_co_amm_1003_1306_M,Valor acumulado del pago o abono sujeto a retención en la fuente,M,sf,l10n_co_accounting_magnetic_media.l10n_co_mml_1003_1306,l10n_co_accounting_templates.l10n_co_aat_1003_1306_M
l10n_co_amm_1003_1306_N,Retención que le practicaron,N,sf,l10n_co_accounting_magnetic_media.l10n_co_mml_1003_1306,l10n_co_accounting_templates.l10n_co_aat_1003_1306_N
l10n_co_amm_1003_1307_M,Valor acumulado del pago o abono sujeto a retención en la fuente,M,sf,l10n_co_accounting_magnetic_media.l10n_co_mml_1003_1307,l10n_co_accounting_templates.l10n_co_aat_1003_1307_M
l10n_co_amm_1003_1307_N,Retención que le practicaron,N,sf,l10n_co_accounting_magnetic_media.l10n_co_mml_1003_1307,l10n_co_accounting_templates.l10n_co_aat_1003_1307_N
l10n_co_amm_1007_4001_J,Ingresos brutos recibidos,J,sf,l10n_co_accounting_magnetic_media.l10n_co_mml_1007_4001,l10n_co_accounting_templates.l10n_co_aat_1007_4001_J
l10n_co_amm_1007_4001_K,"Devoluciones, rebajas y descuentos",K,sf,l10n_co_accounting_magnetic_media.l10n_co_mml_1007_4001,l10n_co_accounting_templates.l10n_co_aat_1007_4001_K
l10n_co_amm_1007_4002_J,Ingresos brutos recibidos,J,sf,l10n_co_accounting_magnetic_media.l10n_co_mml_1007_4002,l10n_co_accounting_templates.l10n_co_aat_1007_4002_J
l10n_co_amm_1007_4002_K,"Devoluciones, rebajas y descuentos",K,sf,l10n_co_accounting_magnetic_media.l10n_co_mml_1007_4002,l10n_co_accounting_templates.l10n_co_aat_1007_4002_K
l10n_co_amm_1007_4003_J,Ingresos brutos recibidos,J,sf,l10n_co_accounting_magnetic_media.l10n_co_mml_1007_4003,l10n_co_accounting_templates.l10n_co_aat_1007_4003_J
l10n_co_amm_1007_4003_K,"Devoluciones, rebajas y descuentos",K,sf,l10n_co_accounting_magnetic_media.l10n_co_mml_1007_4003,l10n_co_accounting_templates.l10n_co_aat_1007_4003_K
l10n_co_amm_1007_4004_J,Ingresos brutos recibidos,J,sf,l10n_co_accounting_magnetic_media.l10n_co_mml_1007_4004,l10n_co_accounting_templates.l10n_co_aat_1007_4004_J
l10n_co_amm_1007_4004_K,"Devoluciones, rebajas y descuentos",K,sf,l10n_co_accounting_magnetic_media.l10n_co_mml_1007_4004,l10n_co_accounting_templates.l10n_co_aat_1007_4004_K
l10n_co_amm_1007_4005_J,Ingresos brutos recibidos,J,sf,l10n_co_accounting_magnetic_media.l10n_co_mml_1007_4005,l10n_co_accounting_templates.l10n_co_aat_1007_4005_J
l10n_co_amm_1007_4005_K,"Devoluciones, rebajas y descuentos",K,sf,l10n_co_accounting_magnetic_media.l10n_co_mml_1007_4005,l10n_co_accounting_templates.l10n_co_aat_1007_4005_K
l10n_co_amm_1007_4006_J,Ingresos brutos recibidos,J,sf,l10n_co_accounting_magnetic_media.l10n_co_mml_1007_4006,l10n_co_accounting_templates.l10n_co_aat_1007_4006_J
l10n_co_amm_1007_4006_K,"Devoluciones, rebajas y descuentos",K,sf,l10n_co_accounting_magnetic_media.l10n_co_mml_1007_4006,l10n_co_accounting_templates.l10n_co_aat_1007_4006_K
l10n_co_amm_1007_4007_J,Ingresos brutos recibidos,J,sf,l10n_co_accounting_magnetic_media.l10n_co_mml_1007_4007,l10n_co_accounting_templates.l10n_co_aat_1007_4007_J
l10n_co_amm_1007_4007_K,"Devoluciones, rebajas y descuentos",K,sf,l10n_co_accounting_magnetic_media.l10n_co_mml_1007_4007,l10n_co_accounting_templates.l10n_co_aat_1007_4007_K
l10n_co_amm_1007_4008_J,Ingresos brutos recibidos,J,sf,l10n_co_accounting_magnetic_media.l10n_co_mml_1007_4008,l10n_co_accounting_templates.l10n_co_aat_1007_4008_J
l10n_co_amm_1007_4008_K,"Devoluciones, rebajas y descuentos",K,sf,l10n_co_accounting_magnetic_media.l10n_co_mml_1007_4008,l10n_co_accounting_templates.l10n_co_aat_1007_4008_K
l10n_co_amm_1007_4009_J,Ingresos brutos recibidos,J,sf,l10n_co_accounting_magnetic_media.l10n_co_mml_1007_4009,l10n_co_accounting_templates.l10n_co_aat_1007_4009_J
l10n_co_amm_1007_4009_K,"Devoluciones, rebajas y descuentos",K,sf,l10n_co_accounting_magnetic_media.l10n_co_mml_1007_4009,l10n_co_accounting_templates.l10n_co_aat_1007_4009_K
l10n_co_amm_1007_4011_J,Ingresos brutos recibidos,J,sf,l10n_co_accounting_magnetic_media.l10n_co_mml_1007_4011,l10n_co_accounting_templates.l10n_co_aat_1007_4011_J
l10n_co_amm_1007_4011_K,"Devoluciones, rebajas y descuentos",K,sf,l10n_co_accounting_magnetic_media.l10n_co_mml_1007_4011,l10n_co_accounting_templates.l10n_co_aat_1007_4011_K
l10n_co_amm_1007_4012_J,Ingresos brutos recibidos,J,sf,l10n_co_accounting_magnetic_media.l10n_co_mml_1007_4012,l10n_co_accounting_templates.l10n_co_aat_1007_4012_J
l10n_co_amm_1007_4012_K,"Devoluciones, rebajas y descuentos",K,sf,l10n_co_accounting_magnetic_media.l10n_co_mml_1007_4012,l10n_co_accounting_templates.l10n_co_aat_1007_4012_K
l10n_co_amm_1007_4013_J,Ingresos brutos recibidos,J,sf,l10n_co_accounting_magnetic_media.l10n_co_mml_1007_4013,l10n_co_accounting_templates.l10n_co_aat_1007_4013_J
l10n_co_amm_1007_4013_K,"Devoluciones, rebajas y descuentos",K,sf,l10n_co_accounting_magnetic_media.l10n_co_mml_1007_4013,l10n_co_accounting_templates.l10n_co_aat_1007_4013_K
l10n_co_amm_1008_1315_N,Saldo cuentas por cobrar al 31-12,N,sf,l10n_co_accounting_magnetic_media.l10n_co_mml_1008_1315,l10n_co_accounting_templates.l10n_co_aat_1008_1315_N
l10n_co_amm_1008_1316_N,Saldo cuentas por cobrar al 31-12,N,sf,l10n_co_accounting_magnetic_media.l10n_co_mml_1008_1316,l10n_co_accounting_templates.l10n_co_aat_1008_1316_N
l10n_co_amm_1008_1317_N,Saldo cuentas por cobrar al 31-12,N,sf,l10n_co_accounting_magnetic_media.l10n_co_mml_1008_1317,l10n_co_accounting_templates.l10n_co_aat_1008_1317_N
l10n_co_amm_1008_1318_N,Saldo cuentas por cobrar al 31-12,N,sf,l10n_co_accounting_magnetic_media.l10n_co_mml_1008_1318,l10n_co_accounting_templates.l10n_co_aat_1008_1318_N
l10n_co_amm_1009_2201_N,Saldo cuentas por pagar al 31-12,N,sf,l10n_co_accounting_magnetic_media.l10n_co_mml_1009_2201,l10n_co_accounting_templates.l10n_co_aat_1009_2201_N
l10n_co_amm_1009_2202_N,Saldo cuentas por pagar al 31-12,N,sf,l10n_co_accounting_magnetic_media.l10n_co_mml_1009_2202,l10n_co_accounting_templates.l10n_co_aat_1009_2202_N
l10n_co_amm_1009_2203_N,Saldo cuentas por pagar al 31-12,N,sf,l10n_co_accounting_magnetic_media.l10n_co_mml_1009_2203,l10n_co_accounting_templates.l10n_co_aat_1009_2203_N
l10n_co_amm_1009_2204_N,Saldo cuentas por pagar al 31-12,N,sf,l10n_co_accounting_magnetic_media.l10n_co_mml_1009_2204,l10n_co_accounting_templates.l10n_co_aat_1009_2204_N
l10n_co_amm_1009_2205_N,Saldo cuentas por pagar al 31-12,N,sf,l10n_co_accounting_magnetic_media.l10n_co_mml_1009_2205,l10n_co_accounting_templates.l10n_co_aat_1009_2205_N
l10n_co_amm_1009_2207_N,Saldo cuentas por pagar al 31-12,N,sf,l10n_co_accounting_magnetic_media.l10n_co_mml_1009_2207,l10n_co_accounting_templates.l10n_co_aat_1009_2207_N
l10n_co_amm_1009_2208_N,Saldo cuentas por pagar al 31-12,N,sf,l10n_co_accounting_magnetic_media.l10n_co_mml_1009_2208,l10n_co_accounting_templates.l10n_co_aat_1009_2208_N
l10n_co_amm_1009_2209_N,Saldo cuentas por pagar al 31-12,N,sf,l10n_co_accounting_magnetic_media.l10n_co_mml_1009_2209,l10n_co_accounting_templates.l10n_co_aat_1009_2209_N
l10n_co_amm_1009_2206_N,Saldo cuentas por pagar al 31-12,N,sf,l10n_co_accounting_magnetic_media.l10n_co_mml_1009_2206,l10n_co_accounting_templates.l10n_co_aat_1009_2206_N
l10n_co_amm_1011_9200_B,Saldos al -31-18,B,sf,l10n_co_accounting_magnetic_media.l10n_co_mml_1011_9200,l10n_co_accounting_templates.l10n_co_aat_1011_9200_B
l10n_co_amm_1011_9201_B,Saldos al -31-18,B,sf,l10n_co_accounting_magnetic_media.l10n_co_mml_1011_9201,l10n_co_accounting_templates.l10n_co_aat_1011_9201_B
l10n_co_amm_1011_9202_B,Saldos al -31-18,B,sf,l10n_co_accounting_magnetic_media.l10n_co_mml_1011_9202,l10n_co_accounting_templates.l10n_co_aat_1011_9202_B
l10n_co_amm_1011_9203_B,Saldos al -31-18,B,sf,l10n_co_accounting_magnetic_media.l10n_co_mml_1011_9203,l10n_co_accounting_templates.l10n_co_aat_1011_9203_B
l10n_co_amm_1011_9204_B,Saldos al -31-18,B,sf,l10n_co_accounting_magnetic_media.l10n_co_mml_1011_9204,l10n_co_accounting_templates.l10n_co_aat_1011_9204_B
l10n_co_amm_1011_9205_B,Saldos al -31-18,B,sf,l10n_co_accounting_magnetic_media.l10n_co_mml_1011_9205,l10n_co_accounting_templates.l10n_co_aat_1011_9205_B
l10n_co_amm_1011_9206_B,Saldos al -31-18,B,sf,l10n_co_accounting_magnetic_media.l10n_co_mml_1011_9206,l10n_co_accounting_templates.l10n_co_aat_1011_9206_B
l10n_co_amm_1011_9207_B,Saldos al -31-18,B,sf,l10n_co_accounting_magnetic_media.l10n_co_mml_1011_9207,l10n_co_accounting_templates.l10n_co_aat_1011_9207_B
l10n_co_amm_1012_1200_K,Valor al 31-12,K,sf,l10n_co_accounting_magnetic_media.l10n_co_mml_1012_1200,l10n_co_accounting_templates.l10n_co_aat_1012_1200_K
l10n_co_amm_1012_1201_K,Valor al 31-12,K,sf,l10n_co_accounting_magnetic_media.l10n_co_mml_1012_1201,l10n_co_accounting_templates.l10n_co_aat_1012_1201_K
l10n_co_amm_1012_1202_K,Valor al 31-12,K,sf,l10n_co_accounting_magnetic_media.l10n_co_mml_1012_1202,l10n_co_accounting_templates.l10n_co_aat_1012_1202_K
l10n_co_amm_1012_1203_K,Valor al 31-12,K,sf,l10n_co_accounting_magnetic_media.l10n_co_mml_1012_1203,l10n_co_accounting_templates.l10n_co_aat_1012_1203_K
l10n_co_amm_1012_1204_K,Valor al 31-12,K,sf,l10n_co_accounting_magnetic_media.l10n_co_mml_1012_1204,l10n_co_accounting_templates.l10n_co_aat_1012_1204_K
l10n_co_amm_1012_1205_K,Valor al 31-12,K,sf,l10n_co_accounting_magnetic_media.l10n_co_mml_1012_1205,l10n_co_accounting_templates.l10n_co_aat_1012_1205_K
l10n_co_amm_1012_1110_K,Valor al 31-12,K,sf,l10n_co_accounting_magnetic_media.l10n_co_mml_1012_1110,l10n_co_accounting_templates.l10n_co_aat_1012_1110_K
l10n_co_amm_1012_1115_K,Valor al 31-12,K,sf,l10n_co_accounting_magnetic_media.l10n_co_mml_1012_1115,l10n_co_accounting_templates.l10n_co_aat_1012_1115_K
l10n_co_amm_1005_1005_I,Impuesto descontable,I,d,l10n_co_accounting_magnetic_media.l10n_co_mml_1005_1005,l10n_co_accounting_templates.l10n_co_aat_1005_1005_I
l10n_co_amm_1005_1005_J,"IVA resultante por devoluciones en ventas anuladas, rescindidas o resueltas",J,d,l10n_co_accounting_magnetic_media.l10n_co_mml_1005_1005,l10n_co_accounting_templates.l10n_co_aat_1005_1005_J
l10n_co_amm_1006_1006_I,Impuesto (iva) generado,I,c,l10n_co_accounting_magnetic_media.l10n_co_mml_1006_1006,l10n_co_accounting_templates.l10n_co_aat_1006_1006_I
l10n_co_amm_1006_1006_J,"IVA recuperado por operaciones en devoluciones en compras anuladas, rescindidas o resueltas",J,d,l10n_co_accounting_magnetic_media.l10n_co_mml_1006_1006,l10n_co_accounting_templates.l10n_co_aat_1006_1006_J
l10n_co_amm_1006_1006_K,Impuesto al consumo generado,K,c,l10n_co_accounting_magnetic_media.l10n_co_mml_1006_1006,l10n_co_accounting_templates.l10n_co_aat_1006_1006_K
l10n_co_amm_2276_2276_K,Pagos por salarios,K,sf,l10n_co_accounting_magnetic_media.l10n_co_mml_2276_2276,l10n_co_accounting_templates.l10n_co_aat_2276_2276_K
l10n_co_amm_2276_2276_L,Pagos por emolumentos eclesiasticos,L,sf,l10n_co_accounting_magnetic_media.l10n_co_mml_2276_2276,l10n_co_accounting_templates.l10n_co_aat_2276_2276_L
l10n_co_amm_2276_2276_M,Pagos por honorarios,M,sf,l10n_co_accounting_magnetic_media.l10n_co_mml_2276_2276,l10n_co_accounting_templates.l10n_co_aat_2276_2276_M
l10n_co_amm_2276_2276_N,Pagos por servicios,N,sf,l10n_co_accounting_magnetic_media.l10n_co_mml_2276_2276,l10n_co_accounting_templates.l10n_co_aat_2276_2276_N
l10n_co_amm_2276_2276_O,Pagos por comisiones,O,sf,l10n_co_accounting_magnetic_media.l10n_co_mml_2276_2276,l10n_co_accounting_templates.l10n_co_aat_2276_2276_O
l10n_co_amm_2276_2276_P,Pagos por prestaciones sociales,P,sf,l10n_co_accounting_magnetic_media.l10n_co_mml_2276_2276,l10n_co_accounting_templates.l10n_co_aat_2276_2276_P
l10n_co_amm_2276_2276_Q,Pagos por viáticos,Q,sf,l10n_co_accounting_magnetic_media.l10n_co_mml_2276_2276,l10n_co_accounting_templates.l10n_co_aat_2276_2276_Q
l10n_co_amm_2276_2276_R,Pagos por gastos de representación,R,sf,l10n_co_accounting_magnetic_media.l10n_co_mml_2276_2276,l10n_co_accounting_templates.l10n_co_aat_2276_2276_R
l10n_co_amm_2276_2276_S,Pagos por compensaciones trabajo asociado cooperativo,S,sf,l10n_co_accounting_magnetic_media.l10n_co_mml_2276_2276,l10n_co_accounting_templates.l10n_co_aat_2276_2276_S
l10n_co_amm_2276_2276_T,Otros pagos,T,sf,l10n_co_accounting_magnetic_media.l10n_co_mml_2276_2276,l10n_co_accounting_templates.l10n_co_aat_2276_2276_T
l10n_co_amm_2276_2276_U,"Pagos realizados con bonos electrónicos o de papel de servicio, cheques, tarjetas, vales, etc.",U,sf,l10n_co_accounting_magnetic_media.l10n_co_mml_2276_2276,l10n_co_accounting_templates.l10n_co_aat_2276_2276_U
l10n_co_amm_2276_2276_V,Cesantías e intereses pagadas en el período,V,sf,l10n_co_accounting_magnetic_media.l10n_co_mml_2276_2276,l10n_co_accounting_templates.l10n_co_aat_2276_2276_V
l10n_co_amm_2276_2276_W,Pensiones de jubilación vejez o invalidez,W,sf,l10n_co_accounting_magnetic_media.l10n_co_mml_2276_2276,l10n_co_accounting_templates.l10n_co_aat_2276_2276_W
l10n_co_amm_2276_2276_X,Aportes obligatorios por Salud,X,sf,l10n_co_accounting_magnetic_media.l10n_co_mml_2276_2276,l10n_co_accounting_templates.l10n_co_aat_2276_2276_X
l10n_co_amm_2276_2276_Y,Aportes obligatorios a fondos de pensiones y solidaridad pensional,Y,sf,l10n_co_accounting_magnetic_media.l10n_co_mml_2276_2276,l10n_co_accounting_templates.l10n_co_aat_2276_2276_Y
l10n_co_amm_2276_2276_Z,Aportes voluntarios a fondos de Pensiones y Cuentas AFC,Z,sf,l10n_co_accounting_magnetic_media.l10n_co_mml_2276_2276,l10n_co_accounting_templates.l10n_co_aat_2276_2276_Z
l10n_co_amm_2276_2276_AA,Valor de las retenciones en la fuente por pagos de rentas de trabajo o pensiones,AA,sf,l10n_co_accounting_magnetic_media.l10n_co_mml_2276_2276,l10n_co_accounting_templates.l10n_co_aat_2276_2276_AA
